id	project	revision	path	upload_name	domain
V001	vortex	d76b7f24e658867ab57e3942d7c648c3e6af072d	README.md	V001__vortex__README.md	project-overview
V009	vortex	d76b7f24e658867ab57e3942d7c648c3e6af072d	docs/designs/cache_subsystem.md	V009__vortex__docs__designs__cache_subsystem.md	cache
V010	vortex	d76b7f24e658867ab57e3942d7c648c3e6af072d	docs/designs/command_processor.md	V010__vortex__docs__designs__command_processor.md	command-processor
V021	vortex	d76b7f24e658867ab57e3942d7c648c3e6af072d	docs/designs/microarchitecture.md	V021__vortex__docs__designs__microarchitecture.md	architecture
V024	vortex	d76b7f24e658867ab57e3942d7c648c3e6af072d	docs/designs/virtual_memory_subsystem.md	V024__vortex__docs__designs__virtual_memory_subsystem.md	memory
V025	vortex	d76b7f24e658867ab57e3942d7c648c3e6af072d	docs/designs/vortex_runtime_api.md	V025__vortex__docs__designs__vortex_runtime_api.md	runtime
V038	vortex	d76b7f24e658867ab57e3942d7c648c3e6af072d	hw/rtl/core/VX_core.sv	V038__vortex__hw__rtl__core__VX_core.sv	rtl-core
V052	vortex	d76b7f24e658867ab57e3942d7c648c3e6af072d	sw/runtime/include/vortex2.h	V052__vortex__sw__runtime__include__vortex2.h	runtime-api
V695	vortex	d76b7f24e658867ab57e3942d7c648c3e6af072d	tests/runtime/test_basic.cpp	V695__test_basic.cpp	test
O001	opentitan	bc1910f4505346dbef000155530fd5a68c60e889	hw/top_earlgrey/doc/datasheet.md	O001__opentitan__hw__top_earlgrey__doc__datasheet.md	soc
O002	opentitan	bc1910f4505346dbef000155530fd5a68c60e889	hw/top_earlgrey/doc/memory_map.md	O002__opentitan__hw__top_earlgrey__doc__memory_map.md	address-map
O003	opentitan	bc1910f4505346dbef000155530fd5a68c60e889	hw/top_earlgrey/data/top_earlgrey.hjson	O003__opentitan__hw__top_earlgrey__data__top_earlgrey.hjson	integration
O004	opentitan	bc1910f4505346dbef000155530fd5a68c60e889	hw/top_earlgrey/data/chip_testplan.hjson	O004__opentitan__hw__top_earlgrey__data__chip_testplan.hjson	testplan
O011	opentitan	bc1910f4505346dbef000155530fd5a68c60e889	hw/top_earlgrey/ip_autogen/clkmgr/doc/registers.md	O011__opentitan__clkmgr__registers.md	register
O012	opentitan	bc1910f4505346dbef000155530fd5a68c60e889	hw/top_earlgrey/ip_autogen/clkmgr/doc/theory_of_operation.md	O012__opentitan__clkmgr__theory_of_operation.md	clock
O017	opentitan	bc1910f4505346dbef000155530fd5a68c60e889	hw/top_earlgrey/ip_autogen/rstmgr/doc/theory_of_operation.md	O017__opentitan__rstmgr__theory_of_operation.md	reset
O020	opentitan	bc1910f4505346dbef000155530fd5a68c60e889	hw/top_earlgrey/ip_autogen/rv_plic/doc/theory_of_operation.md	O020__opentitan__rv_plic__theory_of_operation.md	interrupt
O023	opentitan	bc1910f4505346dbef000155530fd5a68c60e889	hw/top_earlgrey/ip_autogen/pinmux/doc/pinout_asic.md	O023__opentitan__pinmux__pinout_asic.md	pinout
O029	opentitan	bc1910f4505346dbef000155530fd5a68c60e889	hw/ip/sram_ctrl/doc/theory_of_operation.md	O029__opentitan__sram_ctrl__theory_of_operation.md	memory
O030	opentitan	bc1910f4505346dbef000155530fd5a68c60e889	hw/top_earlgrey/ip/ast/rtl/ast_dft.sv	O030__opentitan__hw__top_earlgrey__ip__ast__rtl__ast_dft.sv	dft
